id,first_name,last_name,email,gender,address
1,Fania,Stevens,fstevens0@moonfruit.com,Agender,34 Scott Plaza
2,Dalis,Springett,dspringett1@mapy.cz,Male,484 Fair Oaks Court
3,Godwin,Gaunson,ggaunson2@flavors.me,Male,264 American Center
4,Loni,Pedroni,lpedroni3@sogou.com,Female,9092 Clemons Terrace
5,Benedict,Juett,bjuett4@cbslocal.com,Male,7098 Lukken Street
6,Berenice,Capper,bcapper5@nifty.com,Female,8647 Saint Paul Alley
7,Zacherie,McCritchie,zmccritchie6@hhs.gov,Male,8612 Canary Center
8,Vince,Coldicott,vcoldicott7@apple.com,Non-binary,3 Washington Street
9,Carmina,Moorhead,cmoorhead8@wp.com,Female,3119 Katie Trail
10,Anne,Blazej,ablazej9@psu.edu,Female,8847 Coolidge Alley
11,Dorian,Monnelly,dmonnellya@epa.gov,Female,8269 Sachtjen Parkway
12,Anallise,Conibear,aconibearb@rambler.ru,Female,4370 Fieldstone Court
13,Fredric,McElhargy,fmcelhargyc@comsenz.com,Male,224 Gulseth Lane
14,Maurene,Vedyashkin,mvedyashkind@dyndns.org,Female,870 Bonner Alley
15,Sylvia,Leckey,sleckeye@php.net,Female,49 Warrior Terrace
16,Darrell,Sunman,dsunmanf@paginegialle.it,Male,5736 Everett Street
17,Lambert,Riediger,lriedigerg@biblegateway.com,Male,808 Lyons Circle
18,Afton,Wesgate,awesgateh@last.fm,Female,3443 Buell Lane
19,Vivianne,Benoi,vbenoii@storify.com,Female,29024 Lotheville Road
20,Horst,Esberger,hesbergerj@flavors.me,Male,826 Bayside Hill
21,Katina,Despenser,kdespenserk@ocn.ne.jp,Female,466 Vidon Terrace
22,Trudy,Relf,trelfl@github.io,Female,31390 Butterfield Park
23,Dav,Cotgrove,dcotgrovem@purevolume.com,Male,67 Hansons Circle
24,Anderson,Truran,atrurann@acquirethisname.com,Male,649 Saint Paul Drive
25,Larina,Threadgall,lthreadgallo@zdnet.com,Polygender,78163 Brentwood Lane
26,Lynne,Matasov,lmatasovp@imageshack.us,Female,5 Milwaukee Circle
27,Finley,Jachimczak,fjachimczakq@i2i.jp,Male,04 Bunting Center
28,Wolfy,Paulitschke,wpaulitschker@sciencedirect.com,Male,80 Kensington Park
29,Mervin,Gawler,mgawlers@addtoany.com,Male,54 Roth Lane
30,Jarret,Joicey,jjoiceyt@spiegel.de,Male,548 Gateway Lane
31,Wait,Redmond,wredmondu@google.com.au,Male,70546 Hanover Trail
32,Neville,Barlow,nbarlowv@rambler.ru,Male,919 Blackbird Point
33,Terrance,Casassa,tcasassaw@odnoklassniki.ru,Male,08 Sachs Court
34,Madeleine,Fillimore,mfillimorex@a8.net,Female,301 Randy Circle
35,Philomena,Elsey,pelseyy@baidu.com,Female,849 Forest Court
36,Eula,Praill,epraillz@paypal.com,Female,5965 Sunnyside Street
37,Elsworth,Troth,etroth10@wikia.com,Male,077 Spohn Pass
38,Mel,Romeril,mromeril11@foxnews.com,Genderqueer,4 Westport Center
39,Iago,Penney,ipenney12@nps.gov,Male,249 Saint Paul Court
40,De witt,Winkell,dwinkell13@twitter.com,Male,73 Hanson Hill
41,Garwin,Abrahams,gabrahams14@springer.com,Bigender,27771 Lunder Hill
42,Frannie,Galtone,fgaltone15@behance.net,Male,463 Merry Circle
43,Everett,Paddy,epaddy16@twitpic.com,Male,7575 Eliot Trail
44,Shelley,Loraine,sloraine17@last.fm,Agender,9263 Merrick Lane
45,Leena,Brewis,lbrewis18@altervista.org,Female,47988 Di Loreto Junction
46,Ronnie,Howford,rhowford19@bbb.org,Female,47953 Pepper Wood Pass
47,Berget,Rusk,brusk1a@indiatimes.com,Female,6 Corry Avenue
48,Anetta,Perrone,aperrone1b@google.com.hk,Female,56430 Scofield Way
49,Natale,Daviddi,ndaviddi1c@fastcompany.com,Male,344 Mcguire Park
50,Wilmer,Jancik,wjancik1d@hexun.com,Male,2890 Gerald Lane
51,Ernie,Oake,eoake1e@nih.gov,Male,459 Vermont Place
52,Bennie,De Leek,bdeleek1f@csmonitor.com,Male,747 Gateway Crossing
53,Marmaduke,Niesing,mniesing1g@thetimes.co.uk,Male,7 Lillian Pass
54,Eduardo,O'Criane,eocriane1h@hibu.com,Male,18932 Ridgeview Pass
55,Selle,Barden,sbarden1i@nyu.edu,Female,6329 Novick Park
56,Robin,Goby,rgoby1j@webmd.com,Male,513 Vidon Hill
57,Delphinia,Deshon,ddeshon1k@cyberchimps.com,Bigender,25615 Portage Way
58,Angele,Roubay,aroubay1l@ca.gov,Female,2378 Clove Drive
59,Hewe,Baldick,hbaldick1m@webmd.com,Male,07 Miller Drive
60,Rebecka,Messam,rmessam1n@msn.com,Female,3 Dunning Point
61,Melisent,Solland,msolland1o@odnoklassniki.ru,Female,59194 Esch Park
62,Ives,Napthine,inapthine1p@odnoklassniki.ru,Male,5742 Eagan Street
63,Renate,Applebee,rapplebee1q@usatoday.com,Female,3 Fulton Court
64,Gale,Wissby,gwissby1r@weather.com,Female,46 Hintze Court
65,Althea,Starrs,astarrs1s@sitemeter.com,Female,77670 Gale Drive
66,Ted,Ratie,tratie1t@rakuten.co.jp,Female,42164 Warner Center
67,Ruthanne,Ivushkin,rivushkin1u@angelfire.com,Non-binary,93569 Laurel Alley
68,Sonny,Sprowell,ssprowell1v@paypal.com,Female,164 Toban Park
69,Daisi,Hannond,dhannond1w@amazon.co.jp,Female,0360 Jenna Place
70,Adey,Gahagan,agahagan1x@ebay.co.uk,Female,7510 Westridge Road
71,Norry,Mingotti,nmingotti1y@vkontakte.ru,Female,60 Eastwood Circle
72,Annabel,Harbar,aharbar1z@mediafire.com,Female,50 Atwood Junction
73,Bentley,Reveley,breveley20@privacy.gov.au,Male,73 Fieldstone Court
74,Imojean,Hakonsen,ihakonsen21@slate.com,Female,55265 La Follette Point
75,Carmelia,Erbain,cerbain22@stanford.edu,Female,7829 Village Pass
76,Clarance,McIlhone,cmcilhone23@columbia.edu,Non-binary,70 Montana Parkway
77,Cornelia,Billam,cbillam24@disqus.com,Female,5 Algoma Court
78,Joan,Probbing,jprobbing25@dedecms.com,Female,09 Lukken Pass
79,Jefferey,Britian,jbritian26@printfriendly.com,Male,860 Eastwood Park
80,Nadean,Soames,nsoames27@wufoo.com,Female,666 Summit Pass
81,Zorina,Koomar,zkoomar28@army.mil,Female,99790 Colorado Hill
82,Cassandre,Mallabon,cmallabon29@woothemes.com,Female,23047 Onsgard Way
83,Diego,Edden,dedden2a@ebay.co.uk,Male,49527 Sycamore Crossing
84,Esme,La Wille,elawille2b@ted.com,Male,52124 Norway Maple Point
85,Tammy,Pilkinton,tpilkinton2c@si.edu,Female,3 Arizona Road
86,Ed,Fumagallo,efumagallo2d@gnu.org,Male,79486 Messerschmidt Way
87,Mauricio,Eich,meich2e@dagondesign.com,Genderqueer,16785 Calypso Park
88,Nannie,Poolman,npoolman2f@sfgate.com,Female,612 Esch Crossing
89,Adorne,Thirlwell,athirlwell2g@telegraph.co.uk,Bigender,1766 Scoville Center
90,Kenton,Banane,kbanane2h@webnode.com,Male,05551 Walton Park
91,Eugenia,Yokelman,eyokelman2i@nasa.gov,Non-binary,07 Sutteridge Street
92,Donnajean,Kaser,dkaser2j@artisteer.com,Female,121 Judy Road
93,Nicola,Feaks,nfeaks2k@paginegialle.it,Male,033 Bunting Hill
94,Efrem,Hanhart,ehanhart2l@surveymonkey.com,Male,574 Spohn Drive
95,Gabie,Wilcocks,gwilcocks2m@livejournal.com,Male,776 Nelson Drive
96,Jarrid,Gurery,jgurery2n@unesco.org,Male,83567 Quincy Park
97,Thaine,Horlick,thorlick2o@telegraph.co.uk,Non-binary,319 Kennedy Court
98,Sammie,Parlett,sparlett2p@purevolume.com,Male,4 Sachtjen Park
99,Kori,Maysor,kmaysor2q@buzzfeed.com,Female,276 Steensland Way
100,Peta,Blacklock,pblacklock2r@people.com.cn,Female,71469 Miller Terrace
101,Clarie,Lampert,clampert2s@amazon.com,Non-binary,46754 Artisan Pass
102,Godfrey,Whitehair,gwhitehair2t@google.fr,Male,3339 Coleman Place
103,Raviv,Thow,rthow2u@gnu.org,Male,39 Rigney Terrace
104,Angie,Aveline,aaveline2v@newsvine.com,Female,05112 Randy Terrace
105,Corie,Sandes,csandes2w@nature.com,Female,75 Fremont Junction
106,Paolo,Antonognoli,pantonognoli2x@boston.com,Male,02253 Rieder Avenue
107,Dillie,Ketts,dketts2y@wikia.com,Male,8 Kingsford Point
108,Ashia,Cloutt,acloutt2z@i2i.jp,Polygender,246 Shasta Way
109,Greg,Beggin,gbeggin30@redcross.org,Male,80 Maryland Plaza
110,Michaelina,Hember,mhember31@usnews.com,Female,22 Paget Park
111,Anderson,Lazarus,alazarus32@list-manage.com,Male,1370 Artisan Park
112,Nikkie,Tilbey,ntilbey33@google.com,Female,71002 Goodland Court
113,Valencia,Kennally,vkennally34@sphinn.com,Genderqueer,2 Schurz Alley
114,Ava,Terese,aterese35@shareasale.com,Female,64073 Lillian Plaza
115,Aristotle,Athowe,aathowe36@jigsy.com,Male,15894 Mccormick Court
116,Isacco,Brain,ibrain37@wikia.com,Male,1457 Veith Parkway
117,Karmen,Tansey,ktansey38@wsj.com,Female,8 Banding Alley
118,Kyle,Lawty,klawty39@berkeley.edu,Non-binary,7461 Dwight Place
119,Lyndsie,Petley,lpetley3a@ameblo.jp,Female,0 Elgar Plaza
120,Margalit,Heinicke,mheinicke3b@utexas.edu,Female,3 Magdeline Point
121,Bonita,Zebedee,bzebedee3c@surveymonkey.com,Female,6985 Vermont Street
122,Donovan,Bruck,dbruck3d@hhs.gov,Polygender,9 Division Junction
123,Claiborn,Lorain,clorain3e@utexas.edu,Polygender,3 Dexter Drive
124,Averell,Baynard,abaynard3f@live.com,Male,963 Helena Pass
125,Conan,Scholefield,cscholefield3g@over-blog.com,Male,66404 Dovetail Crossing
126,Kimbell,Peachman,kpeachman3h@dedecms.com,Male,338 Pleasure Trail
127,Creigh,Cassey,ccassey3i@narod.ru,Male,83 Milwaukee Parkway
128,Abagail,Pickring,apickring3j@nba.com,Female,1 Northfield Terrace
129,Ilaire,Borrowman,iborrowman3k@smugmug.com,Male,1 Sunbrook Junction
130,Persis,Gavozzi,pgavozzi3l@earthlink.net,Female,0 Randy Parkway
131,Jemimah,Bernasek,jbernasek3m@ameblo.jp,Female,4307 Crowley Street
132,Danni,Darragon,ddarragon3n@baidu.com,Female,1626 Moose Hill
133,Dolph,Burree,dburree3o@nature.com,Male,6 Magdeline Parkway
134,Lucias,Hutley,lhutley3p@alexa.com,Male,4419 Carey Road
135,Merrill,Hall,mhall3q@weather.com,Male,09629 Daystar Way
136,Friederike,Episcopi,fepiscopi3r@disqus.com,Female,2559 Division Park
137,Marcia,Gibbonson,mgibbonson3s@newyorker.com,Female,40 Spenser Road
138,Humberto,Moylane,hmoylane3t@weebly.com,Agender,36 American Ash Plaza
139,Loralee,Chastey,lchastey3u@mayoclinic.com,Female,4 Buhler Drive
140,Abramo,Benitez,abenitez3v@vk.com,Male,62 Bobwhite Circle
141,Randolf,Hayter,rhayter3w@hostgator.com,Male,06 Jenna Center
142,Christal,Commings,ccommings3x@woothemes.com,Female,620 Stang Terrace
143,Clifford,Merrington,cmerrington3y@tripadvisor.com,Male,05 Schlimgen Court
144,Ellissa,Mullender,emullender3z@drupal.org,Female,6655 Hanson Circle
145,Millard,Ardron,mardron40@homestead.com,Male,1921 Merchant Court
146,Karlee,Spawell,kspawell41@ameblo.jp,Female,63 Delladonna Circle
147,Noam,Sones,nsones42@imdb.com,Male,1 Elka Point
148,Gusty,Calveley,gcalveley43@noaa.gov,Female,582 Oak Valley Road
149,Shalne,Dudderidge,sdudderidge44@salon.com,Female,80 Bowman Road
150,Sloan,Mainston,smainston45@hostgator.com,Male,82131 Derek Alley
151,Giraud,Bellocht,gbellocht46@list-manage.com,Male,97 Donald Junction
152,Garald,Breukelman,gbreukelman47@amazonaws.com,Male,00 Hoard Junction
153,Kristoffer,Churcher,kchurcher48@eepurl.com,Male,10 Meadow Valley Junction
154,Ragnar,Savell,rsavell49@europa.eu,Male,26 Autumn Leaf Hill
155,Ennis,McClaren,emcclaren4a@amazon.co.uk,Male,5 American Ash Street
156,Elaine,Di Nisco,edinisco4b@abc.net.au,Female,0013 Oriole Point
157,Nari,Cobbe,ncobbe4c@blogs.com,Female,12 Glacier Hill Lane
158,Latisha,Grammer,lgrammer4d@unesco.org,Female,54 Schiller Road
159,Skye,Lorkin,slorkin4e@java.com,Male,03597 Jana Hill
160,Flor,Minihan,fminihan4f@cafepress.com,Female,7 Mccormick Road
161,Andie,Giorgiutti,agiorgiutti4g@soup.io,Male,838 Warbler Road
162,Bernete,Tutin,btutin4h@joomla.org,Female,12830 Myrtle Alley
163,Fredra,Longthorne,flongthorne4i@japanpost.jp,Female,47314 Old Gate Lane
164,Zed,Hurdedge,zhurdedge4j@google.cn,Male,312 Burrows Junction
165,Charley,Simoneau,csimoneau4k@samsung.com,Male,98527 Beilfuss Trail
166,Aurore,Normanton,anormanton4l@shop-pro.jp,Female,44601 Jenna Point
167,Ingemar,Bengle,ibengle4m@rakuten.co.jp,Male,65842 Pankratz Way
168,Darwin,Pedri,dpedri4n@mayoclinic.com,Male,27568 Arkansas Road
169,Skippie,Waslin,swaslin4o@etsy.com,Male,47809 Parkside Street
170,Malynda,Kubas,mkubas4p@soundcloud.com,Female,649 Springs Lane
171,Korry,Lazarus,klazarus4q@delicious.com,Genderfluid,6692 Corben Parkway
172,Arleyne,Smalman,asmalman4r@umn.edu,Female,74 Nevada Lane
173,Doti,Aynold,daynold4s@webnode.com,Female,45732 Havey Lane
174,Ivie,Kitching,ikitching4t@youtube.com,Female,88306 Loomis Junction
175,Tades,Gorringe,tgorringe4u@moonfruit.com,Male,1357 Green Crossing
176,Emmi,L'Hommee,elhommee4v@paginegialle.it,Female,36717 Becker Drive
177,Alejandrina,Willock,awillock4w@wikispaces.com,Female,8 Porter Trail
178,Winnie,Canland,wcanland4x@bandcamp.com,Male,002 Lukken Point
179,Augusto,Darch,adarch4y@barnesandnoble.com,Male,178 Mendota Park
180,Erroll,Filby,efilby4z@webnode.com,Male,40365 Buell Plaza
181,Stepha,Vaisey,svaisey50@elegantthemes.com,Female,0 Rigney Circle
182,Ricardo,Healey,rhealey51@examiner.com,Male,87942 Erie Hill
183,Ferdie,Brunner,fbrunner52@lulu.com,Male,28428 Donald Lane
184,Linn,Renish,lrenish53@prlog.org,Male,384 Fairfield Plaza
185,Reid,Shankster,rshankster54@amazon.com,Male,03 Utah Way
186,Wynn,Rubinivitz,wrubinivitz55@unc.edu,Female,7 5th Junction
187,Lammond,Bratt,lbratt56@paginegialle.it,Male,652 Beilfuss Place
188,Beverley,Clemmow,bclemmow57@alibaba.com,Female,1579 Di Loreto Junction
189,Benedicto,Kibby,bkibby58@java.com,Male,62 East Crossing
190,Gerhardine,Battlestone,gbattlestone59@intel.com,Female,81 Summerview Parkway
191,Zaria,Berkelay,zberkelay5a@patch.com,Female,1 Melody Point
192,Nickie,Cloughton,ncloughton5b@hexun.com,Male,7640 Hermina Lane
193,Ossie,Tiptaft,otiptaft5c@free.fr,Agender,8 Birchwood Alley
194,Conroy,Beaumont,cbeaumont5d@wunderground.com,Male,41986 Victoria Street
195,Correna,Orange,corange5e@nps.gov,Female,760 Oak Avenue
196,Loralie,Trasler,ltrasler5f@oracle.com,Female,693 Heath Court
197,Ricki,Clifford,rclifford5g@hatena.ne.jp,Male,04316 Independence Place
198,Jacinda,Bromhead,jbromhead5h@diigo.com,Female,08680 Pennsylvania Avenue
199,Pace,Josephy,pjosephy5i@unicef.org,Male,405 Bowman Avenue
200,Consalve,Barukh,cbarukh5j@archive.org,Male,082 Arizona Circle
201,Kliment,Quilligan,kquilligan5k@godaddy.com,Male,95377 Sutteridge Center
202,Clayson,Devonport,cdevonport5l@example.com,Polygender,5667 Westerfield Road
203,Mariana,Newbegin,mnewbegin5m@mapy.cz,Female,560 Glendale Trail
204,Milissent,Faiers,mfaiers5n@tinyurl.com,Female,6714 Daystar Trail
205,Andras,Burnes,aburnes5o@geocities.com,Male,303 American Place
206,Dalston,Lindback,dlindback5p@cnet.com,Male,42 Mendota Park
207,Bebe,Laurenz,blaurenz5q@smugmug.com,Female,265 3rd Hill
208,Victoir,Quennell,vquennell5r@icio.us,Male,464 Grayhawk Circle
209,Charissa,Balazin,cbalazin5s@google.com,Genderfluid,3 Rusk Pass
210,Gasparo,Rawlyns,grawlyns5t@samsung.com,Male,8269 Sachs Point
211,Della,McClaughlin,dmcclaughlin5u@newsvine.com,Female,07 Milwaukee Street
212,Laverna,Andraud,landraud5v@forbes.com,Female,06925 Sauthoff Street
213,Gratia,Shrawley,gshrawley5w@blogs.com,Female,925 Acker Junction
214,Nikkie,Greeding,ngreeding5x@sakura.ne.jp,Polygender,8 Corry Point
215,Hugues,Oley,holey5y@timesonline.co.uk,Male,6 Vera Point
216,Patsy,Doreward,pdoreward5z@dot.gov,Male,91 Prentice Avenue
217,Dorena,Borrows,dborrows60@dmoz.org,Female,9641 Hoard Center
218,Margarita,Standingford,mstandingford61@plala.or.jp,Female,70413 Victoria Avenue
219,Emyle,Bartoloma,ebartoloma62@jalbum.net,Female,8 Cambridge Parkway
220,Carr,Scarr,cscarr63@51.la,Male,25130 Glacier Hill Road
221,Ailbert,Bottom,abottom64@army.mil,Male,64274 South Avenue
222,Adrienne,Scrigmour,ascrigmour65@cisco.com,Female,14 Utah Point
223,Riva,Woodus,rwoodus66@nytimes.com,Female,23605 Del Mar Junction
224,Caddric,Wise,cwise67@booking.com,Male,83 Paget Court
225,Nessie,Redsall,nredsall68@usatoday.com,Female,90327 Springs Point
226,Lillis,Skittrall,lskittrall69@macromedia.com,Female,36586 Village Green Junction
227,Prentice,Roydon,proydon6a@purevolume.com,Male,660 4th Terrace
228,Mattie,Thripp,mthripp6b@usa.gov,Female,5827 Knutson Junction
229,Darline,Prinnett,dprinnett6c@statcounter.com,Bigender,43 Hanson Way
230,Elmer,Penswick,epenswick6d@cornell.edu,Male,61965 Grayhawk Terrace
231,Rivkah,Proud,rproud6e@gravatar.com,Female,81 Sycamore Circle
232,Kayla,Glentworth,kglentworth6f@ftc.gov,Female,3736 Fairview Drive
233,Bourke,Hully,bhully6g@wikipedia.org,Male,3 Hooker Plaza
234,Mickie,Eastman,meastman6h@webnode.com,Genderqueer,94 Sheridan Road
235,Helen,Fenelon,hfenelon6i@360.cn,Female,79621 High Crossing Drive
236,Cris,Feltham,cfeltham6j@jigsy.com,Male,42165 Johnson Crossing
237,Fax,Gregor,fgregor6k@illinois.edu,Male,720 Canary Lane
238,Pansy,Taft,ptaft6l@ibm.com,Female,6536 Burrows Place
239,Booth,Castellone,bcastellone6m@g.co,Male,15 Toban Way
240,Christye,Brambell,cbrambell6n@sitemeter.com,Genderqueer,366 Texas Parkway
241,Bennie,Zanetto,bzanetto6o@nytimes.com,Male,4601 Burning Wood Road
242,Daria,MacTerlagh,dmacterlagh6p@imgur.com,Female,3 Summerview Lane
243,Nanni,Carde,ncarde6q@pbs.org,Female,08 Crescent Oaks Pass
244,Ursa,Tregona,utregona6r@sfgate.com,Female,2 Sommers Place
245,Mohammed,Grenshiels,mgrenshiels6s@businesswire.com,Male,62 Merrick Court
246,Blair,Loblie,bloblie6t@indiegogo.com,Male,01 Mallory Parkway
247,Reinaldos,Wilmore,rwilmore6u@booking.com,Male,5 Coolidge Court
248,Joyous,Maruszewski,jmaruszewski6v@salon.com,Female,636 Jenna Circle
249,Meir,Hadingham,mhadingham6w@rambler.ru,Male,964 Mendota Park
250,Tabatha,Bodechon,tbodechon6x@addtoany.com,Female,0 Pearson Street
251,Daria,Lennard,dlennard6y@harvard.edu,Female,568 Sheridan Trail
252,Bobbi,Leadley,bleadley6z@t.co,Female,81 Clyde Gallagher Pass
253,Margarete,Hoopper,mhoopper70@networksolutions.com,Agender,66 Independence Avenue
254,Lazarus,Mitchinson,lmitchinson71@nytimes.com,Male,88057 Northridge Circle
255,Hyman,Henke,hhenke72@barnesandnoble.com,Male,0 Elka Terrace
256,Filippa,Tosh,ftosh73@meetup.com,Female,08 Hanover Circle
257,Alfonso,Segar,asegar74@baidu.com,Male,460 Graedel Lane
258,Fianna,Roger,froger75@weather.com,Female,46 Dennis Hill
259,Tristam,Orgel,torgel76@linkedin.com,Male,8944 Sheridan Point
260,Raimund,Bertot,rbertot77@ezinearticles.com,Male,5805 Independence Road
261,Christine,Lowthian,clowthian78@bizjournals.com,Female,2273 6th Lane
262,Cob,Bryson,cbryson79@cargocollective.com,Male,2 Magdeline Drive
263,Giulio,Gurwood,ggurwood7a@usda.gov,Male,6 Jenna Place
264,Evvie,Brockington,ebrockington7b@aboutads.info,Female,127 Carioca Park
265,Adeline,Girhard,agirhard7c@google.de,Female,8958 Luster Lane
266,Olvan,Bunclark,obunclark7d@symantec.com,Male,19 Grasskamp Lane
267,Gena,Stoffers,gstoffers7e@ovh.net,Female,7 Fordem Alley
268,Grete,Wordsworth,gwordsworth7f@biglobe.ne.jp,Female,408 Arkansas Place
269,Melisenda,Sprouls,msprouls7g@yandex.ru,Female,7 Algoma Lane
270,Juliet,Gaylard,jgaylard7h@alibaba.com,Female,1 Vidon Circle
271,Marcello,Pierri,mpierri7i@slideshare.net,Male,7684 Ohio Court
272,Andrei,Teare,ateare7j@msu.edu,Female,5 Westerfield Junction
273,Carmine,McMeyler,cmcmeyler7k@elegantthemes.com,Female,2472 Charing Cross Drive
274,Guillema,Flade,gflade7l@stanford.edu,Female,36561 Bonner Avenue
275,Jordan,Raigatt,jraigatt7m@psu.edu,Female,3 Columbus Parkway
276,Lyn,Manske,lmanske7n@disqus.com,Male,612 Iowa Street
277,Kellen,Richter,krichter7o@hud.gov,Female,240 Merry Plaza
278,Kaia,Varnals,kvarnals7p@instagram.com,Female,0891 West Parkway
279,Frazer,Pymer,fpymer7q@networksolutions.com,Male,80 Bunker Hill Parkway
280,Waldemar,Novik,wnovik7r@pagesperso-orange.fr,Male,797 Menomonie Pass
281,Katine,Symers,ksymers7s@imageshack.us,Female,6 International Road
282,Beatrice,Feveryear,bfeveryear7t@icq.com,Female,8 Fulton Road
283,Von,Eschalette,veschalette7u@nasa.gov,Male,70831 Veith Crossing
284,Kelley,Culleford,kculleford7v@japanpost.jp,Female,349 Vidon Way
285,Krissie,Mouatt,kmouatt7w@dailymail.co.uk,Female,03 Oneill Crossing
286,Ginevra,Reichardt,greichardt7x@tiny.cc,Genderfluid,57053 Starling Road
287,Emmalynn,Stot,estot7y@adobe.com,Female,5 Bonner Avenue
288,Ardine,Wylie,awylie7z@icq.com,Female,36608 Independence Center
289,Berna,Marchiso,bmarchiso80@state.tx.us,Female,9955 Stephen Center
290,Kimball,Rumming,krumming81@craigslist.org,Male,374 Leroy Hill
291,Babbette,Leatherbarrow,bleatherbarrow82@time.com,Female,0911 Fairview Circle
292,Wyatt,Parcall,wparcall83@princeton.edu,Male,41385 Comanche Circle
293,Dino,Waeland,dwaeland84@salon.com,Male,00706 Scofield Plaza
294,Corbin,Burris,cburris85@princeton.edu,Male,93 Fair Oaks Park
295,Justen,Filipovic,jfilipovic86@guardian.co.uk,Male,89929 Texas Pass
296,Lotti,Liggons,lliggons87@nifty.com,Female,21039 Butternut Trail
297,Cassandra,MacClenan,cmacclenan88@ameblo.jp,Female,447 Gale Circle
298,Dallis,Glisenan,dglisenan89@php.net,Male,562 Riverside Parkway
299,Luisa,Crossman,lcrossman8a@geocities.com,Female,98 Northridge Street
300,Adaline,Mainston,amainston8b@alibaba.com,Female,1 Stang Lane
301,Jillane,Munslow,jmunslow8c@vinaora.com,Female,03029 Ludington Parkway
302,Garfield,Bucknall,gbucknall8d@economist.com,Male,26941 Mccormick Pass
303,Lettie,Bilam,lbilam8e@un.org,Female,70498 Westport Lane
304,Evelina,Coners,econers8f@baidu.com,Female,73529 Del Mar Hill
305,Delmar,Lourens,dlourens8g@reference.com,Male,466 Park Meadow Alley
306,Verena,Odo,vodo8h@devhub.com,Agender,6 Corben Park
307,Clea,Brazenor,cbrazenor8i@wsj.com,Female,324 Morningstar Parkway
308,Odele,Basford,obasford8j@opera.com,Female,9 Pawling Junction
309,Hamil,Ivanyushkin,hivanyushkin8k@diigo.com,Genderqueer,776 Sherman Way
310,Rana,Headey,rheadey8l@cnbc.com,Female,474 Grim Trail
311,Griswold,Burle,gburle8m@stumbleupon.com,Male,54 Dennis Alley
312,Marcille,Press,mpress8n@msn.com,Female,36565 Loeprich Court
313,Keriann,Unworth,kunworth8o@addtoany.com,Female,1589 Lighthouse Bay Park
314,Swen,Woolbrook,swoolbrook8p@bing.com,Male,2 Fairview Pass
315,Rufus,Tresise,rtresise8q@opensource.org,Male,69112 Bonner Court
316,Lenee,Marshal,lmarshal8r@china.com.cn,Female,7367 Pennsylvania Plaza
317,Daisey,Ogle,dogle8s@nps.gov,Female,8 Hovde Drive
318,Ingamar,Giorgini,igiorgini8t@mayoclinic.com,Male,638 Lake View Parkway
319,Ara,Dee,adee8u@mit.edu,Female,1459 Towne Hill
320,Raymond,Catlette,rcatlette8v@dagondesign.com,Male,1 Eastwood Alley
321,Giffy,Balentyne,gbalentyne8w@shareasale.com,Male,307 Golden Leaf Junction
322,Romola,Boome,rboome8x@ted.com,Female,17 Manufacturers Junction
323,Killy,Mulhall,kmulhall8y@hhs.gov,Male,31542 Jenna Alley
324,Liesa,Stather,lstather8z@go.com,Female,07 Thierer Place
325,Marigold,Dorton,mdorton90@rediff.com,Female,055 Crownhardt Drive
326,Libbi,McMearty,lmcmearty91@aol.com,Female,46528 Bowman Court
327,Gelya,Lillistone,glillistone92@cnet.com,Bigender,50196 Gerald Crossing
328,Anastasie,Velde,avelde93@nsw.gov.au,Female,3 Delaware Way
329,Marian,Reavey,mreavey94@hud.gov,Female,6 Kedzie Crossing
330,Haleigh,Bottjer,hbottjer95@ameblo.jp,Male,6026 Maple Wood Way
331,Augustus,Kernell,akernell96@a8.net,Male,541 Oak Court
332,Hoebart,Wyley,hwyley97@1und1.de,Male,26819 Meadow Ridge Junction
333,Alysia,Coomer,acoomer98@lulu.com,Female,9522 Melody Court
334,Carrie,Twamley,ctwamley99@tamu.edu,Female,167 Elgar Lane
335,Adriane,Grogan,agrogan9a@reverbnation.com,Female,96724 Kings Road
336,Magdalene,Marzele,mmarzele9b@imdb.com,Female,23 Lighthouse Bay Center
337,Thor,Gilphillan,tgilphillan9c@oracle.com,Male,428 Golf Course Point
338,Lacie,Treat,ltreat9d@g.co,Female,8 Crownhardt Terrace
339,Danie,Heeney,dheeney9e@1688.com,Male,95127 Northport Center
340,Ronni,Affleck,raffleck9f@bizjournals.com,Female,47 Dwight Circle
341,Allys,Brahmer,abrahmer9g@histats.com,Female,6 Haas Park
342,Ariana,Dundin,adundin9h@usda.gov,Female,9667 Del Mar Junction
343,Hakeem,Beresford,hberesford9i@answers.com,Male,73 Comanche Trail
344,Shannon,Moynihan,smoynihan9j@bluehost.com,Male,14 Manitowish Crossing
345,Winn,McAdam,wmcadam9k@edublogs.org,Male,42 Nelson Terrace
346,Ashely,Covert,acovert9l@npr.org,Female,480 Kropf Terrace
347,Frasier,Gladdifh,fgladdifh9m@japanpost.jp,Male,6016 New Castle Street
348,Jermain,Colbridge,jcolbridge9n@theguardian.com,Male,528 Lighthouse Bay Court
349,Lenna,Kytley,lkytley9o@altervista.org,Female,603 Sutteridge Way
350,Sula,Boorn,sboorn9p@slideshare.net,Female,837 Bultman Way
351,Waiter,Mager,wmager9q@smh.com.au,Male,7604 Dahle Plaza
352,Sigfrid,Guillart,sguillart9r@wunderground.com,Male,8 Mayer Drive
353,Viole,Coultard,vcoultard9s@slashdot.org,Polygender,0086 Tomscot Circle
354,Nikolaus,Rosentholer,nrosentholer9t@oakley.com,Male,22370 Brickson Park Hill
355,Fransisco,Arblaster,farblaster9u@wordpress.org,Male,10480 Hanover Circle
356,Vincents,Bletso,vbletso9v@washingtonpost.com,Male,35724 Everett Center
357,Ree,Romanetti,rromanetti9w@canalblog.com,Genderqueer,3253 Basil Place
358,Fannie,Turpey,fturpey9x@answers.com,Female,6 Dottie Alley
359,Thalia,Castelot,tcastelot9y@skyrock.com,Genderfluid,1 School Road
360,Lenka,Williment,lwilliment9z@huffingtonpost.com,Female,11 Anthes Drive
361,Tabby,Duplock,tduplocka0@oakley.com,Female,59 Hintze Place
362,Vivienne,Kenealy,vkenealya1@redcross.org,Female,8 Novick Circle
363,Nolly,Rouge,nrougea2@usgs.gov,Male,1209 Hauk Avenue
364,Olag,Daelman,odaelmana3@marketwatch.com,Male,3 Riverside Crossing
365,Loralee,Crittal,lcrittala4@simplemachines.org,Female,62468 Kensington Lane
366,Walsh,Treace,wtreacea5@mediafire.com,Male,9896 Melvin Street
367,Janet,Jowsey,jjowseya6@nymag.com,Female,1583 Starling Plaza
368,August,Dmiterko,admiterkoa7@twitpic.com,Male,62088 Namekagon Court
369,Victoir,Menure,vmenurea8@time.com,Male,4 Mayfield Parkway
370,Arnuad,Rallings,arallingsa9@tiny.cc,Male,15 Kedzie Way
371,Monika,Sparrowe,msparroweaa@flavors.me,Female,4291 Northridge Alley
372,Waylan,Lumley,wlumleyab@addtoany.com,Male,0818 Merrick Terrace
373,Eddy,Sale,esaleac@ted.com,Male,9135 Buhler Street
374,Normand,Balshaw,nbalshawad@jigsy.com,Bigender,58 Lakewood Gardens Trail
375,Ardine,Dempster,adempsterae@webnode.com,Female,9 Arizona Alley
376,Sukey,Browning,sbrowningaf@cnbc.com,Female,2188 Texas Terrace
377,Allina,Tommeo,atommeoag@wikipedia.org,Female,3 Union Pass
378,Basile,Waliszek,bwaliszekah@ycombinator.com,Male,92 Haas Drive
379,Martyn,Odger,modgerai@statcounter.com,Male,28 Little Fleur Avenue
380,Alica,Labat,alabataj@nhs.uk,Female,65 West Hill
381,Nehemiah,Rolstone,nrolstoneak@google.cn,Male,08670 Forest Run Avenue
382,Andeee,Biggs,abiggsal@wiley.com,Female,4 Commercial Pass
383,Tallie,Jirieck,tjirieckam@bloglines.com,Male,7583 Clemons Way
384,Nicola,Ivakhin,nivakhinan@sogou.com,Female,9542 Laurel Terrace
385,Tyne,Corroyer,tcorroyerao@dailymail.co.uk,Female,00497 Mcbride Circle
386,Jacquelynn,O'Hear,johearap@yahoo.com,Female,4421 Jenifer Center
387,Marys,Tristram,mtristramaq@cpanel.net,Female,814 Comanche Circle
388,Blinnie,Cane,bcanear@amazon.co.jp,Female,9 3rd Crossing
389,Henrietta,Wesson,hwessonas@ihg.com,Female,9 Commercial Drive
390,Martin,Curtois,mcurtoisat@loc.gov,Male,9 Mariners Cove Street
391,Nataniel,Franck,nfranckau@oracle.com,Male,358 Jenifer Trail
392,Liana,Thorp,lthorpav@blogtalkradio.com,Female,70846 Gina Terrace
393,Agosto,O'Sirin,aosirinaw@infoseek.co.jp,Male,8107 Rusk Pass
394,Sissie,Lumb,slumbax@craigslist.org,Female,5 Killdeer Road
395,Jonathon,Gogan,jgoganay@plala.or.jp,Male,89494 Arizona Trail
396,Marcos,Kassel,mkasselaz@printfriendly.com,Male,9 Haas Trail
397,Franky,Barthropp,fbarthroppb0@miibeian.gov.cn,Female,56 Moland Alley
398,Elvis,Zaczek,ezaczekb1@discuz.net,Male,58650 Donald Circle
399,Felike,Jendrys,fjendrysb2@google.it,Male,97 Westerfield Crossing
400,Zorana,Pinor,zpinorb3@senate.gov,Female,534 Mayer Plaza
401,Court,Klesse,cklesseb4@sciencedirect.com,Male,26043 Colorado Lane
402,Hasty,Graysmark,hgraysmarkb5@sakura.ne.jp,Male,69893 Atwood Park
403,Karine,Elfes,kelfesb6@ca.gov,Female,886 Portage Alley
404,Thia,Rebert,trebertb7@hatena.ne.jp,Female,31 Upham Place
405,Rick,Utterson,ruttersonb8@biblegateway.com,Male,403 Anzinger Junction
406,Giles,Aguirrezabal,gaguirrezabalb9@psu.edu,Male,08833 Golden Leaf Way
407,Penelope,Portsmouth,pportsmouthba@people.com.cn,Female,74112 Straubel Trail
408,Gayla,Audiss,gaudissbb@bing.com,Female,69886 Summerview Point
409,Millisent,Trimmill,mtrimmillbc@yale.edu,Genderfluid,98100 Kenwood Place
410,Nickie,Chipps,nchippsbd@shutterfly.com,Female,5469 Superior Junction
411,Nev,Lahiff,nlahiffbe@1688.com,Male,403 Hanover Terrace
412,Isa,Riggulsford,iriggulsfordbf@mlb.com,Male,285 Elgar Parkway
413,Keane,Bugge,kbuggebg@usgs.gov,Male,7 Waxwing Way
414,Kendricks,McIlheran,kmcilheranbh@arizona.edu,Male,6995 Logan Park
415,Regine,Karpf,rkarpfbi@msu.edu,Female,9887 Kingsford Alley
416,Glenn,Scholl,gschollbj@walmart.com,Female,85955 Emmet Parkway
417,Debora,Eleshenar,deleshenarbk@intel.com,Female,37117 Vernon Road
418,Kasper,Dresse,kdressebl@jimdo.com,Male,89996 Grasskamp Way
419,Zelig,Bodle,zbodlebm@mozilla.com,Male,821 Debra Parkway
420,Tabb,Brevetor,tbrevetorbn@un.org,Male,6850 Red Cloud Lane
421,Betty,McKelvey,bmckelveybo@livejournal.com,Female,91 Autumn Leaf Street
422,Lorry,Dymoke,ldymokebp@clickbank.net,Female,0 Fairview Place
423,Spense,Fagge,sfaggebq@tripadvisor.com,Male,668 Rigney Place
424,Chico,Iacovaccio,ciacovacciobr@msu.edu,Male,4 Washington Trail
425,Elyssa,Voff,evoffbs@biglobe.ne.jp,Female,9301 Bashford Terrace
426,Tony,Kevane,tkevanebt@ox.ac.uk,Female,91560 Northfield Lane
427,Jimmie,Winwright,jwinwrightbu@wired.com,Male,1 Carberry Trail
428,Coleen,Conkey,cconkeybv@youtu.be,Female,3 Banding Trail
429,Jazmin,Spain-Gower,jspaingowerbw@seattletimes.com,Female,27532 American Ash Plaza
430,Em,Fandrey,efandreybx@hc360.com,Female,0163 Merry Circle
431,Den,Messenger,dmessengerby@patch.com,Male,7 Magdeline Avenue
432,Arlana,Ogers,aogersbz@arizona.edu,Female,727 Loomis Terrace
433,Hayes,Fishby,hfishbyc0@usa.gov,Male,12 Hintze Street
434,Justin,Lauder,jlauderc1@stumbleupon.com,Male,16 Dwight Drive
435,Janelle,Newall,jnewallc2@bloglines.com,Female,37 Nobel Street
436,Marna,Illing,millingc3@yolasite.com,Female,3504 Upham Pass
437,Hilary,Goodhall,hgoodhallc4@washingtonpost.com,Male,8921 Westend Junction
438,Anett,Dorward,adorwardc5@imgur.com,Female,6789 Gateway Road
439,Peder,Philipeaux,pphilipeauxc6@nih.gov,Non-binary,5 Oakridge Junction
440,Cristobal,Santo,csantoc7@edublogs.org,Polygender,73789 Schlimgen Place
441,Raynard,Carletti,rcarlettic8@sun.com,Male,361 Hazelcrest Parkway
442,Dyane,Palfreyman,dpalfreymanc9@github.com,Female,360 Sundown Hill
443,Peadar,Dowles,pdowlesca@princeton.edu,Male,5721 Bluestem Road
444,Pembroke,Ebrall,pebrallcb@latimes.com,Male,33658 Knutson Junction
445,Wylma,Folcarelli,wfolcarellicc@pen.io,Female,9 Independence Plaza
446,Fidelio,Ralestone,fralestonecd@hostgator.com,Male,43 Gale Lane
447,Yorker,Ughini,yughinice@canalblog.com,Male,4 Debra Parkway
448,Kaylyn,Bartoloma,kbartolomacf@tmall.com,Female,03 Coleman Plaza
449,Homer,Retallack,hretallackcg@harvard.edu,Male,29733 Center Junction
450,Wilek,Wegman,wwegmanch@infoseek.co.jp,Male,400 Artisan Plaza
451,Jourdan,Gummory,jgummoryci@bigcartel.com,Female,2 Pierstorff Plaza
452,Gabbi,Gotcliff,ggotcliffcj@howstuffworks.com,Female,75585 Lighthouse Bay Place
453,Nerita,Batting,nbattingck@geocities.com,Female,116 Mockingbird Point
454,Madelena,Rubinlicht,mrubinlichtcl@vk.com,Agender,3724 Mcbride Trail
455,Kirk,Perot,kperotcm@blogtalkradio.com,Male,2 Fair Oaks Pass
456,Harrison,Sybry,hsybrycn@un.org,Male,98716 Pepper Wood Alley
457,Susana,Ulster,sulsterco@wordpress.com,Female,71816 Sherman Lane
458,Randolph,Dulinty,rdulintycp@nhs.uk,Male,2 Shasta Plaza
459,Lilias,MacAndrew,lmacandrewcq@mashable.com,Female,4 Upham Terrace
460,Julissa,Eddowes,jeddowescr@tinypic.com,Female,4307 Waxwing Center
461,Verge,Hiddsley,vhiddsleycs@4shared.com,Male,781 Kingsford Street
462,Niels,Swalough,nswaloughct@4shared.com,Male,74945 Fuller Drive
463,Lyndy,Louch,llouchcu@europa.eu,Female,1920 Eastwood Center
464,Shanta,Hynes,shynescv@narod.ru,Female,114 Jay Park
465,Chrysa,Pandya,cpandyacw@nifty.com,Female,2 Bluejay Center
466,Nesta,Matherson,nmathersoncx@mit.edu,Female,80968 Village Drive
467,Terrye,Ricciardi,tricciardicy@163.com,Female,7153 Oakridge Way
468,Arlene,Ballantine,aballantinecz@youtube.com,Female,0409 Lukken Terrace
469,Bettye,Lodden,bloddend0@geocities.com,Female,050 Jenifer Center
470,Lezley,Dongate,ldongated1@google.com,Male,1 Sutherland Trail
471,Minetta,Raisher,mraisherd2@utexas.edu,Female,418 International Street
472,Opaline,Beverley,obeverleyd3@vistaprint.com,Female,0167 Valley Edge Parkway
473,Derrik,Schoroder,dschoroderd4@theguardian.com,Male,3390 Namekagon Drive
474,Harbert,Corben,hcorbend5@walmart.com,Male,55 Lake View Hill
475,Abner,Wiffen,awiffend6@issuu.com,Male,1209 Mayfield Drive
476,Bancroft,Tick,btickd7@fastcompany.com,Male,894 Muir Park
477,Helaine,Francey,hfranceyd8@house.gov,Female,68 Hudson Point
478,Griff,Soppeth,gsoppethd9@e-recht24.de,Male,7871 Novick Street
479,Inglis,Glading,igladingda@desdev.cn,Male,6905 Hallows Junction
480,Erinna,Rodgerson,erodgersondb@chicagotribune.com,Female,650 Derek Center
481,Dalia,Ivoshin,divoshindc@oracle.com,Female,35667 Maple Wood Plaza
482,Susi,Wingatt,swingattdd@discovery.com,Female,4 Harbort Road
483,Mattias,Surman-Wells,msurmanwellsde@mlb.com,Male,10 Dakota Alley
484,Ossie,Shippey,oshippeydf@naver.com,Male,9350 Thierer Drive
485,Brianna,Easthope,beasthopedg@vistaprint.com,Female,47102 Stuart Way
486,Tommy,Novak,tnovakdh@artisteer.com,Male,4 Lighthouse Bay Road
487,Anastasie,Donat,adonatdi@woothemes.com,Female,82494 Schmedeman Street
488,Isabelita,Braemer,ibraemerdj@nyu.edu,Agender,4325 Dryden Junction
489,Franchot,Umbert,fumbertdk@com.com,Male,3 Vermont Plaza
490,Bartholomeus,Delleschi,bdelleschidl@pbs.org,Polygender,566 Thompson Court
491,Gian,Fossett,gfossettdm@instagram.com,Male,44141 Erie Lane
492,Jake,Stearn,jstearndn@is.gd,Non-binary,6543 American Pass
493,Paxon,Sawforde,psawfordedo@opera.com,Male,7 Talmadge Place
494,Lalo,Cottier,lcottierdp@51.la,Non-binary,471 Sullivan Terrace
495,Janis,Tidy,jtidydq@chronoengine.com,Female,97039 Burning Wood Circle
496,Jodie,Callendar,jcallendardr@nba.com,Female,4676 Summer Ridge Trail
497,Nikolaus,McHardy,nmchardyds@about.com,Male,8354 Mendota Street
498,Witty,Daffern,wdafferndt@shinystat.com,Male,47 Ilene Terrace
499,Randolph,Williams,rwilliamsdu@skype.com,Male,10 Melrose Hill
500,Colas,Zolini,czolinidv@weibo.com,Male,75671 Russell Place
501,Pen,Cicchetto,pcicchettodw@xing.com,Female,0942 Dottie Terrace
502,Liesa,Fernez,lfernezdx@phoca.cz,Female,4886 Center Crossing
503,Debi,Cinderey,dcindereydy@123-reg.co.uk,Female,9057 Kim Terrace
504,Arnoldo,Oran,aorandz@studiopress.com,Male,724 Eliot Point
505,Corbett,Morehall,cmorehalle0@umich.edu,Male,69050 Clemons Hill
506,Fransisco,Condon,fcondone1@list-manage.com,Male,9264 Valley Edge Trail
507,Elane,Misselbrook,emisselbrooke2@adobe.com,Female,5 Granby Terrace
508,Audrie,Gregorin,agregorine3@biblegateway.com,Female,6 Oak Valley Hill
509,Jerad,Pendall,jpendalle4@plala.or.jp,Male,09764 Orin Parkway
510,Ryan,Fasson,rfassone5@springer.com,Male,15 Northfield Park
511,Stafford,McGaraghan,smcgaraghane6@jiathis.com,Male,785 Boyd Point
512,Kennett,Frankiewicz,kfrankiewicze7@weibo.com,Male,64317 Maywood Plaza
513,Roxane,Kunrad,rkunrade8@hud.gov,Female,6 Merrick Way
514,Mackenzie,Early,mearlye9@instagram.com,Male,1 Summit Pass
515,Reagan,Himsworth,rhimsworthea@quantcast.com,Male,388 Service Drive
516,Goldarina,Beames,gbeameseb@friendfeed.com,Female,59581 Almo Lane
517,Tobi,Tedridge,ttedridgeec@uol.com.br,Female,7894 Orin Street
518,Cornelius,Tolcher,ctolchered@oakley.com,Male,2 Village Green Pass
519,Archy,Tyreman,atyremanee@seesaa.net,Male,0468 High Crossing Terrace
520,Delmer,Seville,dsevilleef@exblog.jp,Male,5 Oneill Avenue
521,Antony,Burrage,aburrageeg@themeforest.net,Male,315 Glacier Hill Circle
522,Inez,Vegas,ivegaseh@umn.edu,Female,91389 Onsgard Circle
523,Dyann,Jiggins,djigginsei@imdb.com,Female,108 Fieldstone Hill
524,Colly,Casserley,ccasserleyej@de.vu,Female,0836 Waxwing Crossing
525,Faulkner,Champley,fchampleyek@w3.org,Male,43273 Commercial Place
526,Magdalen,Haresign,mharesignel@archive.org,Female,4 Dennis Junction
527,Timotheus,Yelland,tyellandem@pinterest.com,Male,7163 Bartelt Center
528,Heddie,Ozanne,hozanneen@japanpost.jp,Female,57 Carey Crossing
529,Danella,Hodgen,dhodgeneo@home.pl,Female,6162 Westridge Lane
530,Elset,Zylbermann,ezylbermannep@wix.com,Female,03928 Clemons Place
531,Lincoln,Cranney,lcranneyeq@google.com.au,Male,24 Duke Street
532,Fax,Videan,fvideaner@nsw.gov.au,Male,2 3rd Drive
533,Isobel,Gait,igaites@ucoz.ru,Female,87 Kennedy Road
534,Aidan,Dawbery,adawberyet@oaic.gov.au,Female,04 Bunting Place
535,Marylinda,Duckering,mduckeringeu@over-blog.com,Female,869 Stephen Parkway
536,Lin,Rubenovic,lrubenovicev@umich.edu,Female,989 Forest Court
537,Malinda,Sotham,msothamew@dailymail.co.uk,Female,2530 Alpine Park
538,Drew,Thomlinson,dthomlinsonex@slashdot.org,Male,3081 Transport Plaza
539,Astrix,Stobbes,astobbesey@webeden.co.uk,Female,01704 Eastwood Street
540,Laughton,Taffley,ltaffleyez@opensource.org,Male,494 Melody Terrace
541,Fiorenze,Landsman,flandsmanf0@fastcompany.com,Female,02 Spohn Lane
542,Roderick,Dundon,rdundonf1@hubpages.com,Male,2 Shoshone Junction
543,Darline,Doole,ddoolef2@patch.com,Female,9 Roth Terrace
544,Vi,Kerwood,vkerwoodf3@de.vu,Female,55345 Steensland Hill
545,Collete,Dumbrill,cdumbrillf4@sina.com.cn,Female,41 North Court
546,Lombard,Falkus,lfalkusf5@icq.com,Male,4503 Harper Pass
547,Catlin,MacAlpyne,cmacalpynef6@feedburner.com,Female,748 Anniversary Way
548,Merrel,Flea,mfleaf7@zimbio.com,Male,13431 Colorado Circle
549,Rich,McGhee,rmcgheef8@wordpress.org,Male,1 Main Street
550,Hadria,Wadham,hwadhamf9@liveinternet.ru,Female,07 Del Mar Plaza
551,Lowrance,Ginnelly,lginnellyfa@independent.co.uk,Bigender,8279 Mallard Point
552,Nertie,Ladewig,nladewigfb@macromedia.com,Female,45 Pine View Alley
553,Meredithe,Matuszewski,mmatuszewskifc@squarespace.com,Female,4552 Towne Center
554,Anatollo,Van der Beek,avanderbeekfd@cdbaby.com,Bigender,215 Green Ridge Place
555,Myrtice,Springell,mspringellfe@engadget.com,Female,52792 Moose Avenue
556,Roselin,Shaudfurth,rshaudfurthff@go.com,Female,394 Village Green Drive
557,Olav,Dudman,odudmanfg@eepurl.com,Male,907 Leroy Point
558,Bartlet,Ragat,bragatfh@tuttocitta.it,Male,4035 North Drive
559,Shari,Rillett,srillettfi@ucla.edu,Female,06551 Cody Junction
560,Tiffy,Clarycott,tclarycottfj@wikimedia.org,Female,854 Hollow Ridge Pass
561,Dav,Sings,dsingsfk@zdnet.com,Agender,128 Chinook Point
562,Faustina,Edghinn,fedghinnfl@guardian.co.uk,Female,101 6th Pass
563,Caitrin,Gresswell,cgresswellfm@naver.com,Female,86 Little Fleur Center
564,Nannette,Ipsly,nipslyfn@g.co,Female,099 Bunker Hill Junction
565,Kippie,Schulkins,kschulkinsfo@newsvine.com,Bigender,97 Melby Point
566,Shayne,Loudon,sloudonfp@eepurl.com,Male,67 Elmside Avenue
567,Jerry,Jojic,jjojicfq@de.vu,Female,68 Cardinal Terrace
568,Hedvig,Le Conte,hlecontefr@hostgator.com,Female,06 Straubel Pass
569,Sammy,Guynemer,sguynemerfs@people.com.cn,Female,8228 Hudson Circle
570,Marcus,Guite,mguiteft@rediff.com,Male,36062 Lindbergh Street
571,Gennie,Alben,galbenfu@spiegel.de,Agender,7268 Butterfield Alley
572,Kerwin,Cogswell,kcogswellfv@prnewswire.com,Male,0565 Fordem Center
573,Caril,Beiderbecke,cbeiderbeckefw@themeforest.net,Agender,431 Leroy Circle
574,Antonia,Lowes,alowesfx@home.pl,Female,068 Shelley Crossing
575,Fulvia,Salle,fsallefy@nymag.com,Female,753 Namekagon Point
576,Rhiamon,Tatem,rtatemfz@cnet.com,Female,3 Prairieview Trail
577,Abigael,Ferraron,aferrarong0@ow.ly,Agender,740 Surrey Plaza
578,Cliff,Pencot,cpencotg1@comsenz.com,Male,91431 Jackson Parkway
579,Giulio,Highway,ghighwayg2@ovh.net,Male,17 American Park
580,Konstance,Schellig,kschelligg3@indiegogo.com,Female,6496 Transport Point
581,Samantha,O'Hengerty,sohengertyg4@answers.com,Female,7 Northridge Alley
582,Aurilia,Dubber,adubberg5@microsoft.com,Female,0998 Ludington Way
583,Artus,Collumbine,acollumbineg6@biblegateway.com,Male,148 Butterfield Park
584,Sinclare,Carlesso,scarlessog7@purevolume.com,Male,970 Columbus Circle
585,Linet,Eppson,leppsong8@privacy.gov.au,Female,82792 Sloan Hill
586,Kinnie,Pischoff,kpischoffg9@soup.io,Male,879 Morrow Point
587,Henka,Rucklidge,hrucklidgega@nationalgeographic.com,Female,8547 Meadow Valley Junction
588,Grant,Roskelley,groskelleygb@cyberchimps.com,Male,0 Forster Road
589,Donn,Binfield,dbinfieldgc@gravatar.com,Male,57577 Karstens Terrace
590,Olympie,Callear,ocalleargd@bloglovin.com,Female,60397 Stoughton Alley
591,Eric,Shovel,eshovelge@chronoengine.com,Male,36 Pepper Wood Terrace
592,Konstance,Plose,kplosegf@taobao.com,Genderfluid,2 Rigney Pass
593,Donna,Savell,dsavellgg@dmoz.org,Female,84236 Farmco Court
594,Nannie,Mackison,nmackisongh@ft.com,Female,031 Manitowish Parkway
595,Zacharia,Scotson,zscotsongi@desdev.cn,Male,44099 Drewry Center
596,Riccardo,Cristofanini,rcristofaninigj@a8.net,Male,49476 Graceland Court
597,Rebekah,Nunes Nabarro,rnunesnabarrogk@bloglovin.com,Female,418 Northfield Lane
598,Hyacinth,Corzor,hcorzorgl@mashable.com,Female,29 Mitchell Point
599,Amery,Halsho,ahalshogm@mit.edu,Male,74046 Clove Junction
600,North,Jozwiak,njozwiakgn@ask.com,Male,8896 Green Ridge Terrace
601,Corri,Arbon,carbongo@senate.gov,Female,324 Texas Hill
602,Farly,Gurry,fgurrygp@topsy.com,Male,91740 Northland Trail
603,Donella,Hempel,dhempelgq@vistaprint.com,Female,645 Boyd Junction
604,Delbert,Feldman,dfeldmangr@printfriendly.com,Male,84 Kedzie Plaza
605,Merrill,Siward,msiwardgs@goodreads.com,Female,17 Esch Road
606,Evin,Margarson,emargarsongt@youku.com,Male,279 Prairie Rose Crossing
607,Vaclav,Bampton,vbamptongu@webnode.com,Male,129 Northridge Plaza
608,Perri,Burree,pburreegv@4shared.com,Female,5 Mockingbird Trail
609,Jeffrey,Sutterfield,jsutterfieldgw@meetup.com,Male,134 Lyons Avenue
610,Osbourn,Spyer,ospyergx@imageshack.us,Male,3 Stephen Lane
611,Jeramey,Bakewell,jbakewellgy@upenn.edu,Male,68598 Kenwood Street
612,Fulton,Millsap,fmillsapgz@last.fm,Male,1388 Monica Road
613,Granger,Axleby,gaxlebyh0@samsung.com,Male,61552 Spohn Place
614,Tabbi,Phidgin,tphidginh1@sitemeter.com,Female,231 Ronald Regan Court
615,Guss,Axelbey,gaxelbeyh2@fc2.com,Male,07 Elgar Plaza
616,Hilario,Colter,hcolterh3@umich.edu,Male,016 Orin Center
617,Dale,Trank,dtrankh4@buzzfeed.com,Female,58179 Duke Center
618,Kerrie,Antonin,kantoninh5@bluehost.com,Female,5180 Nobel Court
619,Waldon,Penner,wpennerh6@utexas.edu,Male,7425 Petterle Center
620,Benn,Wike,bwikeh7@bandcamp.com,Male,3 Aberg Hill
621,Peggy,Hadny,phadnyh8@gravatar.com,Female,8061 Heath Terrace
622,Kimmi,Whordley,kwhordleyh9@sbwire.com,Female,809 Grover Way
623,Kelby,Fearns,kfearnsha@wikia.com,Male,656 Welch Parkway
624,Jennie,Vasnev,jvasnevhb@prlog.org,Female,86610 Pennsylvania Parkway
625,Desdemona,Eddolls,deddollshc@livejournal.com,Female,15874 Northport Crossing
626,Napoleon,Nassey,nnasseyhd@reverbnation.com,Male,72224 Union Lane
627,Bruce,Pennycock,bpennycockhe@google.co.uk,Male,6 Bartillon Trail
628,Somerset,Edensor,sedensorhf@ed.gov,Male,646 Anthes Parkway
629,Chadd,Herrero,cherrerohg@hao123.com,Male,7810 Macpherson Place
630,Kerstin,Hollebon,khollebonhh@themeforest.net,Female,68372 Petterle Terrace
631,Alix,Huntress,ahuntresshi@exblog.jp,Genderqueer,13 Barby Terrace
632,Darrel,Abrahim,dabrahimhj@webeden.co.uk,Male,6530 Luster Point
633,Teri,Crownshaw,tcrownshawhk@live.com,Female,373 Bunting Road
634,Phillipe,Inns,pinnshl@microsoft.com,Male,788 Elka Court
635,Alis,McCluin,amccluinhm@hexun.com,Female,53139 Graedel Way
636,Odele,Naseby,onasebyhn@youtu.be,Female,39176 Forster Road
637,Jennette,Digweed,jdigweedho@msn.com,Female,3897 Melvin Place
638,Victor,Meddows,vmeddowshp@nbcnews.com,Male,35 Graedel Street
639,Erinn,Dimmock,edimmockhq@ibm.com,Female,8 Golf Course Street
640,Dilan,Carmel,dcarmelhr@berkeley.edu,Male,7 Stoughton Crossing
641,Rockie,Ziem,rziemhs@tiny.cc,Male,637 Dorton Court
642,Ryann,MacInnes,rmacinnesht@deviantart.com,Female,644 Burrows Road
643,Carlita,Gumey,cgumeyhu@tiny.cc,Female,263 Crest Line Hill
644,Domenic,MacCahey,dmaccaheyhv@topsy.com,Male,2 Morningstar Crossing
645,Sheff,Duell,sduellhw@tinyurl.com,Agender,9741 Roth Point
646,Lynelle,Winkless,lwinklesshx@google.pl,Female,4 Jay Street
647,Town,Gopsall,tgopsallhy@discovery.com,Non-binary,468 Johnson Avenue
648,Dotty,Barkaway,dbarkawayhz@g.co,Female,24 Spenser Parkway
649,Adair,Vennard,avennardi0@blinklist.com,Male,2 Moose Terrace
650,Perle,Labell,plabelli1@merriam-webster.com,Female,98379 Forest Run Junction
651,Cathie,Labbett,clabbetti2@spiegel.de,Female,528 Burrows Point
652,Jeanine,Asel,jaseli3@columbia.edu,Female,73 Grayhawk Plaza
653,Iorgo,Yakubovics,iyakubovicsi4@census.gov,Male,55733 Spenser Center
654,Zacharie,De Bernardi,zdebernardii5@quantcast.com,Male,0 Pankratz Street
655,Ford,de Amaya,fdeamayai6@microsoft.com,Male,7912 Algoma Court
656,Casey,Woodhams,cwoodhamsi7@cyberchimps.com,Female,45962 Buhler Street
657,Kinna,Burnard,kburnardi8@walmart.com,Female,14 Crest Line Center
658,Brade,Blezard,bblezardi9@mac.com,Male,31 Pearson Avenue
659,Renie,Gregine,rgregineia@sciencedirect.com,Female,50 Buena Vista Pass
660,Nikkie,Baudrey,nbaudreyib@pen.io,Female,336 Bellgrove Drive
661,Virgie,Mintrim,vmintrimic@yellowbook.com,Female,5 Parkside Park
662,Shanon,Ferrige,sferrigeid@upenn.edu,Female,400 Pond Lane
663,Roch,Duguid,rduguidie@google.com.br,Female,79913 Rowland Center
664,Keelia,Hanalan,khanalanif@bigcartel.com,Female,0958 Longview Plaza
665,Lorri,Broke,lbrokeig@cargocollective.com,Female,2 Talmadge Street
666,Royce,Adame,radameih@goodreads.com,Male,463 Fordem Trail
667,Curran,Hadgkiss,chadgkissii@altervista.org,Genderfluid,4380 Cambridge Court
668,Ellynn,Matzke,ematzkeij@people.com.cn,Genderqueer,5567 Esker Pass
669,Lucian,Schollar,lschollarik@issuu.com,Male,33999 Northwestern Place
670,Sharron,Simison,ssimisonil@themeforest.net,Female,185 Hallows Drive
671,Alfons,Pride,aprideim@engadget.com,Male,65 Mifflin Road
672,Charlie,Grieveson,cgrievesonin@bandcamp.com,Male,5960 Birchwood Road
673,Stanley,Loades,sloadesio@nyu.edu,Male,72833 Eggendart Road
674,Robenia,Brookz,rbrookzip@livejournal.com,Agender,83180 Eliot Road
675,Georgiana,Straker,gstrakeriq@virginia.edu,Female,91 Leroy Lane
676,Garth,Mahomet,gmahometir@furl.net,Male,3 Lakewood Gardens Drive
677,Ricki,Gayther,rgaytheris@cbslocal.com,Female,015 Ridgeway Junction
678,Abbey,Bark,abarkit@amazon.de,Male,30 Farragut Trail
679,Irv,Izatt,iizattiu@wordpress.org,Male,862 Cottonwood Street
680,Krishnah,Maffin,kmaffiniv@newsvine.com,Male,7544 Jenifer Junction
681,Mechelle,Carus,mcarusiw@eepurl.com,Female,3773 Sauthoff Parkway
682,Pietro,Brushfield,pbrushfieldix@omniture.com,Male,39415 Delaware Street
683,Shermie,Swannie,sswannieiy@harvard.edu,Male,98 Barby Lane
684,Andrea,Crowcombe,acrowcombeiz@tuttocitta.it,Male,3 Kedzie Trail
685,Bradley,Becks,bbecksj0@photobucket.com,Male,114 Karstens Crossing
686,Theobald,Ropkes,tropkesj1@stanford.edu,Male,5 Marcy Junction
687,Hildagarde,Grund,hgrundj2@marketwatch.com,Female,62517 Lindbergh Lane
688,Angel,Cuseck,acuseckj3@illinois.edu,Female,150 Doe Crossing Terrace
689,Wilbur,McComiskey,wmccomiskeyj4@dagondesign.com,Male,6899 Commercial Lane
690,Rafferty,Walkowski,rwalkowskij5@nytimes.com,Male,0 Oak Court
691,Mahala,Bavidge,mbavidgej6@odnoklassniki.ru,Female,8981 Arrowood Hill
692,Stuart,Larvor,slarvorj7@aol.com,Male,94630 Dottie Avenue
693,Man,Bennoe,mbennoej8@storify.com,Male,781 3rd Drive
694,Jason,Peatman,jpeatmanj9@technorati.com,Male,94 Golden Leaf Way
695,Margie,Teodorski,mteodorskija@i2i.jp,Female,8 Cascade Park
696,Sonnnie,Neagle,sneaglejb@so-net.ne.jp,Female,7 Prairie Rose Alley
697,Tann,Gocke,tgockejc@nydailynews.com,Male,050 Nova Crossing
698,Davie,Vauter,dvauterjd@mlb.com,Male,7 Carpenter Plaza
699,Harris,Inglese,hingleseje@hud.gov,Male,2 Prentice Alley
700,Raffaello,Kellet,rkelletjf@topsy.com,Male,288 Fieldstone Crossing
701,Clerkclaude,Linsay,clinsayjg@tiny.cc,Male,06 Granby Circle
702,Thekla,Giacomucci,tgiacomuccijh@macromedia.com,Female,230 Armistice Plaza
703,Kakalina,Serrels,kserrelsji@icq.com,Genderqueer,77 Warbler Road
704,Rosaline,Gerler,rgerlerjj@ihg.com,Female,34 Onsgard Pass
705,Anderea,Doggart,adoggartjk@constantcontact.com,Female,09780 Haas Junction
706,Misty,Kroon,mkroonjl@telegraph.co.uk,Female,43 Ruskin Crossing
707,Ody,McKew,omckewjm@barnesandnoble.com,Male,1 Maple Wood Trail
708,Caprice,Joiris,cjoirisjn@exblog.jp,Female,31502 Rusk Way
709,Rufe,Wadham,rwadhamjo@devhub.com,Male,26098 Vermont Road
710,Ken,Kretchmer,kkretchmerjp@prlog.org,Male,76 Spohn Hill
711,Beck,Enriques,benriquesjq@samsung.com,Male,3 Dorton Hill
712,Boote,Weldrick,bweldrickjr@wikispaces.com,Male,13548 Mendota Court
713,Christyna,Glasscott,cglasscottjs@twitter.com,Female,07 Clemons Court
714,Arlette,Chaplain,achaplainjt@cargocollective.com,Female,19 Thierer Road
715,Rollins,Mapplethorpe,rmapplethorpeju@usatoday.com,Male,613 Manley Alley
716,Hadlee,Fieldstone,hfieldstonejv@home.pl,Male,493 Oak Plaza
717,Carine,Latham,clathamjw@nbcnews.com,Female,3 Stoughton Junction
718,Waverley,Henze,whenzejx@joomla.org,Male,55343 Acker Junction
719,Erena,Tourmell,etourmelljy@jiathis.com,Female,24 Forest Dale Lane
720,Eydie,Dilks,edilksjz@nba.com,Female,82206 Manley Road
721,Simmonds,Paten,spatenk0@washingtonpost.com,Male,7 Commercial Circle
722,Siouxie,Ivankovic,sivankovick1@multiply.com,Female,2 Stuart Drive
723,Roman,Gorges,rgorgesk2@vinaora.com,Male,62333 Buhler Lane
724,Imogene,Readmire,ireadmirek3@t-online.de,Female,0128 Almo Parkway
725,Boycey,Macartney,bmacartneyk4@answers.com,Male,5779 Helena Drive
726,Star,Bidgod,sbidgodk5@t.co,Female,5881 Manitowish Avenue
727,Dunc,Conklin,dconklink6@xing.com,Male,10579 Daystar Park
728,Lauren,McKniely,lmcknielyk7@lulu.com,Female,5 Loomis Circle
729,Terrence,Goodricke,tgoodrickek8@wordpress.com,Male,119 Saint Paul Circle
730,Daniel,Balden,dbaldenk9@census.gov,Male,73 Loeprich Park
731,Jack,Pettis,jpettiska@unc.edu,Male,993 Farwell Avenue
732,Flore,Spadeck,fspadeckkb@plala.or.jp,Female,75 Kropf Place
733,Selinda,Lathaye,slathayekc@admin.ch,Female,911 Fieldstone Lane
734,Dillon,Slowan,dslowankd@ycombinator.com,Male,1 Brown Avenue
735,Willow,Ferentz,wferentzke@clickbank.net,Female,2 Marcy Crossing
736,Bertina,Aidler,baidlerkf@posterous.com,Polygender,94049 Northridge Court
737,Joycelin,Landsborough,jlandsboroughkg@ted.com,Agender,9 Surrey Parkway
738,Spencer,Demko,sdemkokh@liveinternet.ru,Male,053 Novick Trail
739,Bevan,Watkins,bwatkinski@google.co.jp,Male,0 Vermont Hill
740,Aurora,Youles,ayouleskj@squidoo.com,Female,437 Menomonie Alley
741,Johny,Seiter,jseiterkk@ftc.gov,Male,3109 Rowland Lane
742,Mandel,Longmead,mlongmeadkl@mit.edu,Male,5 Lakeland Way
743,Stephen,Barnham,sbarnhamkm@examiner.com,Male,1524 Elmside Terrace
744,Salomo,Leggitt,sleggittkn@github.io,Male,533 Briar Crest Lane
745,Jessalyn,Sizey,jsizeyko@opera.com,Female,5 Norway Maple Alley
746,Devinne,Cunniff,dcunniffkp@google.ru,Bigender,3 Ronald Regan Hill
747,Kelsey,Beechcraft,kbeechcraftkq@dell.com,Male,2 Melvin Court
748,Glenda,Shillom,gshillomkr@themeforest.net,Agender,34327 Spohn Parkway
749,Birdie,Pohling,bpohlingks@cnn.com,Female,3 Monterey Court
750,Erena,Dary,edarykt@mac.com,Female,879 Corben Lane
751,Orren,Bearns,obearnsku@vk.com,Male,183 Elgar Lane
752,Fran,Halshaw,fhalshawkv@ted.com,Female,4211 Glacier Hill Road
753,Morry,Rabbet,mrabbetkw@xing.com,Male,214 Northfield Park
754,Rockey,Slayford,rslayfordkx@walmart.com,Genderqueer,51074 Bluejay Junction
755,Mehetabel,Tomsa,mtomsaky@g.co,Female,8953 Southridge Place
756,Hildegarde,Aireton,hairetonkz@google.it,Female,6192 3rd Lane
757,Carlynne,Kennaway,ckennawayl0@joomla.org,Female,571 Grayhawk Drive
758,Mikael,Radolf,mradolfl1@hibu.com,Male,108 Dovetail Road
759,Vinson,Julian,vjulianl2@about.com,Male,816 Boyd Street
760,Joyan,Almak,jalmakl3@joomla.org,Genderfluid,32 Main Alley
761,Elmore,Ilsley,eilsleyl4@edublogs.org,Male,02 Doe Crossing Junction
762,Zolly,Depport,zdepportl5@wisc.edu,Male,51 Glendale Place
763,Olenka,Arndtsen,oarndtsenl6@digg.com,Female,24984 Briar Crest Lane
764,Cyril,Morshead,cmorsheadl7@jalbum.net,Male,63 Mosinee Circle
765,Lacie,But,lbutl8@howstuffworks.com,Female,2495 Troy Point
766,Don,Label,dlabell9@reference.com,Male,8369 Carioca Center
767,Carlen,Dudden,cduddenla@netvibes.com,Female,19787 Dryden Parkway
768,Iorgos,Elliman,iellimanlb@people.com.cn,Male,21 Dapin Alley
769,Tana,Troubridge,ttroubridgelc@gmpg.org,Polygender,3318 Texas Place
770,Sheilah,Beavan,sbeavanld@unesco.org,Female,21334 Hanson Road
771,Marja,Kemme,mkemmele@washingtonpost.com,Female,8931 Melody Plaza
772,Bern,Mingame,bmingamelf@google.fr,Male,3 Jenifer Plaza
773,Brande,Vanin,bvaninlg@typepad.com,Genderqueer,00941 International Court
774,Georgiana,Grasha,ggrashalh@mediafire.com,Female,50 Pleasure Place
775,Giselbert,Kempton,gkemptonli@webeden.co.uk,Male,696 Hooker Circle
776,Sula,Forrest,sforrestlj@ucsd.edu,Female,0 Canary Place
777,Hamil,Ruzic,hruziclk@rediff.com,Male,191 Arkansas Alley
778,Arabelle,Markussen,amarkussenll@dmoz.org,Female,8971 Towne Drive
779,Reggis,Drogan,rdroganlm@disqus.com,Male,9293 Hoard Street
780,Flem,Sicha,fsichaln@prweb.com,Male,5 Loomis Crossing
781,Son,Trass,strasslo@list-manage.com,Male,91307 Namekagon Circle
782,Tobie,Durdan,tdurdanlp@pinterest.com,Bigender,9 Canary Pass
783,Alida,Storrie,astorrielq@webeden.co.uk,Female,30 Corscot Drive
784,Berty,Sedcole,bsedcolelr@trellian.com,Female,6 Hermina Point
785,Reinold,Damarell,rdamarellls@who.int,Non-binary,4 Service Point
786,Alwin,De Meyer,ademeyerlt@sitemeter.com,Male,264 Melody Trail
787,Eugenia,Bannell,ebannelllu@51.la,Female,1 Kenwood Parkway
788,Jenn,Livzey,jlivzeylv@behance.net,Bigender,41 Anzinger Street
789,Gerardo,Feilden,gfeildenlw@yale.edu,Male,284 Muir Terrace
790,Denny,Shipp,dshipplx@flavors.me,Female,248 1st Street
791,Brian,Haestier,bhaestierly@toplist.cz,Male,0593 John Wall Trail
792,Clywd,Cambridge,ccambridgelz@ucla.edu,Male,7046 Coleman Plaza
793,Taber,Syres,tsyresm0@usatoday.com,Male,94934 Fulton Alley
794,Farrel,Guest,fguestm1@toplist.cz,Male,935 Loftsgordon Way
795,Althea,Tejada,atejadam2@aol.com,Polygender,85 Golf Course Parkway
796,Stinky,Pawnsford,spawnsfordm3@cisco.com,Male,2 Northridge Place
797,Claire,Biskupek,cbiskupekm4@redcross.org,Male,26 Lakewood Gardens Drive
798,Laurene,Simonot,lsimonotm5@prlog.org,Female,2 Elka Alley
799,Jonas,Cloughton,jcloughtonm6@mapy.cz,Male,08 Sundown Place
800,Dorette,Vecard,dvecardm7@nasa.gov,Bigender,3152 Namekagon Park
801,Gilberte,MacKonochie,gmackonochiem8@nih.gov,Female,6 Darwin Hill
802,Yves,Brookwood,ybrookwoodm9@google.ca,Male,48278 Northport Court
803,Dreddy,Steinor,dsteinorma@economist.com,Agender,7520 Marquette Drive
804,Willard,Aberdeen,waberdeenmb@pen.io,Male,8881 Northland Parkway
805,Van,Schroeder,vschroedermc@purevolume.com,Female,79650 Farragut Court
806,Antonetta,Davitashvili,adavitashvilimd@tinyurl.com,Female,04544 Kensington Pass
807,Kermie,Renshell,krenshellme@infoseek.co.jp,Male,8366 Bunker Hill Center
808,Devan,Handforth,dhandforthmf@globo.com,Female,25744 Karstens Hill
809,Lanni,Rapaport,lrapaportmg@cbc.ca,Female,6 Messerschmidt Crossing
810,Lidia,Tinkler,ltinklermh@nydailynews.com,Female,1567 Vernon Pass
811,Darrel,Bruinemann,dbruinemannmi@simplemachines.org,Male,6011 7th Road
812,Dulciana,Summersby,dsummersbymj@examiner.com,Non-binary,9993 Stone Corner Parkway
813,Tiebout,Kelloch,tkellochmk@booking.com,Male,4845 Judy Crossing
814,Teddy,Drioli,tdrioliml@newyorker.com,Female,2011 Morrow Plaza
815,Lazaro,Dillon,ldillonmm@cyberchimps.com,Male,2 Sundown Parkway
816,Keene,Leeves,kleevesmn@walmart.com,Male,6 Sunnyside Hill
817,Calvin,Doll,cdollmo@unesco.org,Male,135 Bunting Parkway
818,Farr,Bazoche,fbazochemp@bravesites.com,Male,2539 Bellgrove Parkway
819,Winthrop,Dobsons,wdobsonsmq@icq.com,Agender,597 Lillian Way
820,Putnem,Haddick,phaddickmr@topsy.com,Male,24 Sullivan Street
821,Natalya,Kingscott,nkingscottms@simplemachines.org,Female,592 Heath Center
822,Gabbie,McIsaac,gmcisaacmt@woothemes.com,Female,98 Daystar Street
823,Lara,Lalor,llalormu@ocn.ne.jp,Female,9 Hollow Ridge Park
824,Ralf,Albone,ralbonemv@uol.com.br,Male,65 Old Shore Road
825,Killy,Lygo,klygomw@reddit.com,Male,91467 Sycamore Center
826,Pam,Stainburn,pstainburnmx@yolasite.com,Female,3690 Express Terrace
827,Kylie,Westall,kwestallmy@creativecommons.org,Female,16040 Corry Place
828,Annemarie,Creegan,acreeganmz@moonfruit.com,Female,52464 Grim Park
829,Constantine,Neale,cnealen0@google.cn,Male,918 Forest Avenue
830,Sheeree,Muzzillo,smuzzillon1@moonfruit.com,Non-binary,349 Springview Park
831,Theo,Carville,tcarvillen2@yelp.com,Female,50878 Carey Place
832,Cammie,Heathcott,cheathcottn3@webmd.com,Female,7 Hermina Pass
833,Bendick,Hughes,bhughesn4@skype.com,Male,52901 Farmco Place
834,Nickolaus,Ebbs,nebbsn5@over-blog.com,Male,3430 Amoth Court
835,Susanetta,Redley,sredleyn6@webmd.com,Female,4 Trailsway Junction
836,Miguela,Adacot,madacotn7@51.la,Female,5900 Kedzie Lane
837,Jay,Chrippes,jchrippesn8@google.es,Male,3 Erie Park
838,Rickert,Kenwood,rkenwoodn9@epa.gov,Male,611 Havey Road
839,Gwenneth,Halahan,ghalahanna@naver.com,Female,5565 Farragut Plaza
840,Sydney,Mackro,smackronb@google.co.jp,Female,55235 Karstens Street
841,Gerrie,Jersh,gjershnc@themeforest.net,Female,0115 Lakeland Park
842,Gratia,Audsley,gaudsleynd@barnesandnoble.com,Female,693 6th Pass
843,Benyamin,Schelle,bschellene@tuttocitta.it,Male,7 Ridgeview Trail
844,Petr,Roder,prodernf@ted.com,Male,6125 Nobel Crossing
845,Zerk,Hartegan,zharteganng@smugmug.com,Male,2 Grayhawk Circle
846,Luther,Shiers,lshiersnh@independent.co.uk,Male,42 Saint Paul Street
847,Jo-ann,Harwood,jharwoodni@whitehouse.gov,Female,70 Bartillon Place
848,Peta,Begbie,pbegbienj@nydailynews.com,Female,8698 Hanson Way
849,Jolynn,Pittman,jpittmannk@chronoengine.com,Female,1449 Rieder Circle
850,Hale,Guiel,hguielnl@g.co,Bigender,8403 Algoma Place
851,Karalee,Pettifor,kpettifornm@free.fr,Female,88207 Loomis Drive
852,Cherilynn,Avramow,cavramownn@boston.com,Female,0045 Hudson Terrace
853,Una,Livick,ulivickno@issuu.com,Female,1086 Barnett Hill
854,Frances,Babinski,fbabinskinp@so-net.ne.jp,Female,51 Fair Oaks Parkway
855,Ryon,Anger,rangernq@skype.com,Male,080 Northland Road
856,Tonia,Davydoch,tdavydochnr@weebly.com,Female,49346 Arapahoe Street
857,Wilton,Mogg,wmoggns@guardian.co.uk,Male,4861 Sunnyside Hill
858,Gale,Colbran,gcolbrannt@tamu.edu,Female,19581 Columbus Drive
859,Cami,Sorey,csoreynu@samsung.com,Female,9 Oriole Parkway
860,Celina,Saville,csavillenv@vinaora.com,Female,2403 Cherokee Crossing
861,Matty,Slatford,mslatfordnw@springer.com,Female,246 Tennessee Alley
862,Fidole,Willcott,fwillcottnx@va.gov,Bigender,3158 Crescent Oaks Court
863,Onfre,Esel,oeselny@technorati.com,Male,3560 Oneill Park
864,Caesar,Harring,charringnz@baidu.com,Male,25 Londonderry Road
865,Che,Matuszak,cmatuszako0@gizmodo.com,Male,4276 Clove Plaza
866,Aubrey,Domokos,adomokoso1@dyndns.org,Male,1722 5th Street
867,Sebastian,Lockhead,slockheado2@engadget.com,Male,62 Dexter Avenue
868,Gianina,Tofful,gtoffulo3@hc360.com,Female,5 Algoma Point
869,Dorelia,Chevis,dcheviso4@discuz.net,Female,4 Village Green Circle
870,Adan,Pleavin,apleavino5@redcross.org,Male,54635 Dawn Park
871,Elmer,Soltan,esoltano6@shareasale.com,Male,68 Dakota Terrace
872,Brooks,Samme,bsammeo7@typepad.com,Male,03 Warbler Way
873,Alida,Lilion,aliliono8@is.gd,Female,138 Waxwing Park
874,Nady,Mattea,nmatteao9@virginia.edu,Female,74190 Cascade Place
875,Kari,Mulqueen,kmulqueenoa@blogger.com,Female,9186 Ridgeview Center
876,Willey,Prester,wpresterob@cbc.ca,Male,9 Sachs Street
877,Carl,Thickin,cthickinoc@springer.com,Male,41 Tennessee Junction
878,Humfrey,Fairley,hfairleyod@i2i.jp,Male,36 Carioca Plaza
879,Helenelizabeth,Camlin,hcamlinoe@reddit.com,Female,6 Onsgard Point
880,Nicky,Stopper,nstopperof@adobe.com,Female,8487 Lawn Street
881,Verile,Boggish,vboggishog@ow.ly,Female,2520 Armistice Trail
882,Tanner,Burgett,tburgettoh@mashable.com,Male,79 Susan Junction
883,Bordy,Scrymgeour,bscrymgeouroi@delicious.com,Male,90036 Straubel Trail
884,Kalie,Luby,klubyoj@ihg.com,Female,227 Cascade Junction
885,Tabbatha,Ferre,tferreok@hexun.com,Non-binary,8707 Forest Point
886,Moore,Barthelmes,mbarthelmesol@yolasite.com,Genderfluid,28556 Stephen Trail
887,Elton,Isted,eistedom@archive.org,Male,49 Heffernan Terrace
888,Derrik,Linkie,dlinkieon@hibu.com,Male,84958 Loeprich Hill
889,Mattie,Rentalll,mrentallloo@unicef.org,Female,2 Westerfield Junction
890,Findlay,Labeuil,flabeuilop@i2i.jp,Male,6 5th Pass
891,Sherline,Mochar,smocharoq@sphinn.com,Female,78430 Paget Lane
892,Marylinda,McMakin,mmcmakinor@cbsnews.com,Female,625 Stuart Road
893,Dixie,Grellier,dgrellieros@bloomberg.com,Polygender,66956 Derek Circle
894,Dorine,Confait,dconfaitot@google.com.br,Female,19649 Maywood Junction
895,Fancy,Valler,fvallerou@wix.com,Female,099 Almo Lane
896,Falkner,Hiner,fhinerov@ycombinator.com,Male,782 Bay Hill
897,Dyan,Bettlestone,dbettlestoneow@netlog.com,Genderfluid,2123 Sunnyside Terrace
898,Yul,Broady,ybroadyox@ebay.com,Male,218 Walton Place
899,Doria,Pope,dpopeoy@whitehouse.gov,Female,0653 Pleasure Crossing
900,Priscella,Heighton,pheightonoz@abc.net.au,Female,472 Lotheville Junction
901,Blaine,MacAleese,bmacaleesep0@merriam-webster.com,Male,718 Upham Circle
902,Andrea,Syder,asyderp1@ezinearticles.com,Female,0733 Fairfield Way
903,Koenraad,Micheli,kmichelip2@deliciousdays.com,Bigender,19 Mayer Trail
904,Sacha,Fraczek,sfraczekp3@home.pl,Female,0 Rieder Junction
905,Wilek,Ausiello,wausiellop4@studiopress.com,Male,44091 Homewood Hill
906,Evanne,Felce,efelcep5@clickbank.net,Bigender,777 4th Pass
907,Tobi,Cowpe,tcowpep6@google.co.uk,Female,1685 Karstens Drive
908,Remington,Reaney,rreaneyp7@chicagotribune.com,Genderfluid,3178 Bowman Plaza
909,Raffarty,Spilisy,rspilisyp8@engadget.com,Male,2 Carberry Pass
910,Tadd,Zamora,tzamorap9@who.int,Male,7 Iowa Park
911,Bearnard,Schnitter,bschnitterpa@furl.net,Male,8 Bartillon Pass
912,Carlene,Howels,chowelspb@php.net,Female,26 Clemons Lane
913,Lemar,Baalham,lbaalhampc@netlog.com,Male,5729 Graedel Circle
914,Jamie,Le Friec,jlefriecpd@bluehost.com,Female,19483 Calypso Trail
915,Lynn,Oakley,loakleype@cnet.com,Female,14063 Village Hill
916,Inez,Saxon,isaxonpf@sakura.ne.jp,Female,5 Macpherson Center
917,Emory,Precious,epreciouspg@ihg.com,Male,11 Merchant Point
918,Joycelin,Adlem,jadlemph@slideshare.net,Female,46400 Hayes Alley
919,Thomasin,Shuttle,tshuttlepi@sakura.ne.jp,Female,702 Larry Center
920,Rozella,Leverage,rleveragepj@businessinsider.com,Female,9828 Redwing Center
921,Bax,McLuckie,bmcluckiepk@tmall.com,Male,1 Mccormick Lane
922,Luella,Tallquist,ltallquistpl@prnewswire.com,Female,001 Chinook Plaza
923,Karole,Licari,klicaripm@mozilla.com,Female,8806 Lakeland Road
924,Mendie,Garrand,mgarrandpn@microsoft.com,Male,603 Transport Trail
925,Hercules,Ghidoli,hghidolipo@seesaa.net,Male,5594 4th Plaza
926,Gary,Grew,ggrewpp@yelp.com,Male,00739 Twin Pines Lane
927,Jenni,Lowthorpe,jlowthorpepq@phpbb.com,Female,35429 Melody Court
928,Orton,Sebastian,osebastianpr@t.co,Male,7 Burning Wood Parkway
929,Garrek,Dahlback,gdahlbackps@cdc.gov,Male,9187 Schlimgen Road
930,Rene,Kelinge,rkelingept@mozilla.com,Female,267 Tomscot Park
931,Bernarr,Carle,bcarlepu@adobe.com,Male,99 Sutteridge Lane
932,Aubert,Battersby,abattersbypv@mapquest.com,Male,436 Evergreen Crossing
933,Jemimah,McGeechan,jmcgeechanpw@w3.org,Female,3 Anzinger Road
934,Rosco,Cringle,rcringlepx@last.fm,Male,9 Elmside Alley
935,Shaun,Ffoulkes,sffoulkespy@exblog.jp,Male,0 Dahle Drive
936,Blair,Dachey,bdacheypz@twitpic.com,Female,78 Dahle Street
937,Clevey,McIlheran,cmcilheranq0@nasa.gov,Male,5828 Eagle Crest Plaza
938,Alden,Strapp,astrappq1@wiley.com,Male,121 Debra Place
939,Morgun,Jewitt,mjewittq2@bluehost.com,Male,160 Rowland Circle
940,Corly,Monard,cmonardq3@epa.gov,Female,283 Loftsgordon Junction
941,Nichole,Drable,ndrableq4@hubpages.com,Male,2224 Blackbird Plaza
942,Teddy,Thurstance,tthurstanceq5@parallels.com,Male,371 Karstens Circle
943,Clarance,Withringten,cwithringtenq6@vistaprint.com,Male,9 Dakota Plaza
944,Susan,Millwall,smillwallq7@admin.ch,Female,831 Welch Pass
945,Page,Montague,pmontagueq8@sitemeter.com,Male,18669 Cherokee Pass
946,Reinold,Jurs,rjursq9@linkedin.com,Male,885 Fremont Center
947,Filbert,De Malchar,fdemalcharqa@geocities.com,Male,00 Glendale Road
948,Glory,Ellicombe,gellicombeqb@dailymail.co.uk,Female,7719 Hovde Junction
949,Chilton,Driscoll,cdriscollqc@cnbc.com,Male,2835 Donald Circle
950,Raffaello,Bavister,rbavisterqd@issuu.com,Male,5 Ridgeview Point
951,Katinka,Rosini,krosiniqe@ucoz.ru,Female,4395 Birchwood Hill
952,Letty,Buckler,lbucklerqf@clickbank.net,Female,905 Clyde Gallagher Terrace
953,Nichole,Clutheram,nclutheramqg@narod.ru,Male,33281 Sage Parkway
954,Marianna,Newns,mnewnsqh@boston.com,Genderqueer,5 7th Circle
955,Karly,Pulver,kpulverqi@ftc.gov,Female,0 Westerfield Hill
956,Osborn,Binge,obingeqj@vistaprint.com,Male,65770 Hudson Lane
957,Jocko,Younglove,jyoungloveqk@accuweather.com,Male,5014 Monterey Parkway
958,Olympia,Breeds,obreedsql@bloglovin.com,Female,337 Bellgrove Terrace
959,Gussy,Hawksley,ghawksleyqm@nhs.uk,Female,71 Blackbird Avenue
960,Maryann,Papaccio,mpapaccioqn@networksolutions.com,Female,91095 Spohn Avenue
961,Alisa,Goggey,agoggeyqo@cocolog-nifty.com,Female,0 Burrows Parkway
962,Elijah,Kingsnorth,ekingsnorthqp@tripadvisor.com,Male,43242 Crowley Road
963,Bartlet,Embury,bemburyqq@people.com.cn,Male,51024 Westerfield Parkway
964,Brandice,Girdler,bgirdlerqr@tuttocitta.it,Female,831 Ridgeview Hill
965,Esmeralda,Shortan,eshortanqs@hc360.com,Genderfluid,53492 Kropf Road
966,Harriett,Timmens,htimmensqt@studiopress.com,Female,96 Springview Lane
967,Regen,Margery,rmargeryqu@de.vu,Male,5452 Tomscot Alley
968,Eric,Coney,econeyqv@boston.com,Male,2 Scoville Way
969,Rikki,Lampke,rlampkeqw@amazon.com,Male,36 Atwood Plaza
970,Pernell,Kettleson,pkettlesonqx@infoseek.co.jp,Male,733 Nelson Park
971,Benedetta,Mallall,bmallallqy@psu.edu,Female,5 Commercial Point
972,Richmound,Downham,rdownhamqz@nbcnews.com,Male,28 Independence Way
973,Neils,Peotz,npeotzr0@instagram.com,Male,98082 Straubel Junction
974,Henrieta,Faltin,hfaltinr1@ebay.com,Female,1 Orin Road
975,Arnie,Dunckley,adunckleyr2@dot.gov,Male,587 Quincy Trail
976,Diarmid,Piatkowski,dpiatkowskir3@imageshack.us,Male,5237 Monterey Terrace
977,Rakel,Shapero,rshaperor4@arstechnica.com,Female,3 International Place
978,Leonelle,Garrand,lgarrandr5@stumbleupon.com,Non-binary,1 Rigney Junction
979,Lorna,Woofenden,lwoofendenr6@chron.com,Female,66 Summerview Lane
980,Philippa,Thonason,pthonasonr7@hexun.com,Female,21 Debs Way
981,Madelle,Critchell,mcritchellr8@lulu.com,Female,64323 Vera Place
982,Guillermo,Awde,gawder9@technorati.com,Male,588 Nova Center
983,Manfred,Friend,mfriendra@4shared.com,Male,07 Crescent Oaks Place
984,Helaina,Boreland,hborelandrb@ehow.com,Female,21 Thompson Court
985,Chickie,Dassindale,cdassindalerc@sourceforge.net,Genderqueer,71 Moland Terrace
986,Jeramie,Tomaszczyk,jtomaszczykrd@omniture.com,Male,0957 Chive Circle
987,Eloise,Swindles,eswindlesre@networksolutions.com,Female,948 Homewood Drive
988,Cathyleen,Deboo,cdeboorf@techcrunch.com,Female,2459 Summer Ridge Hill
989,Lona,Hawthorn,lhawthornrg@google.co.jp,Female,929 Montana Road
990,Shanon,Block,sblockrh@ehow.com,Polygender,4 Hoepker Pass
991,Gusty,Bleddon,gbleddonri@feedburner.com,Female,27519 Carberry Drive
992,Torre,Kubica,tkubicarj@uiuc.edu,Male,12417 Iowa Way
993,Birch,Robrow,brobrowrk@lulu.com,Male,7 Monica Park
994,Lewiss,Doyley,ldoyleyrl@cam.ac.uk,Male,54 Delladonna Trail
995,Florentia,Mackinder,fmackinderrm@jigsy.com,Female,00 Rowland Crossing
996,Jessy,Plaistowe,jplaistowern@java.com,Female,6 Sheridan Point
997,Conny,Jiroutka,cjiroutkaro@stanford.edu,Male,7 Di Loreto Alley
998,Ronnie,Bosdet,rbosdetrp@archive.org,Female,97 Golf Course Terrace
999,Alistair,Arnely,aarnelyrq@prweb.com,Male,8 Fordem Trail
1000,Shamus,Bernaldez,sbernaldezrr@businessinsider.com,Male,90399 Lakewood Gardens Terrace
